002213.SZ,大为股份
000886.SZ,海南高速
603520.SH,司太立
603989.SH,艾华集团
002923.SZ,润都股份
603357.SH,设计总院
603138.SH,海量数据
002286.SZ,保龄宝
001206.SZ,依依股份
002364.SZ,中恒电气
603373.SH,安邦护卫
000816.SZ,智慧农业
002578.SZ,闽发铝业
002835.SZ,同为股份
605338.SH,巴比食品
600818.SH,中路股份
002703.SZ,浙江世宝
000560.SZ,我爱我家
600758.SH,辽宁能源
600829.SH,人民同泰
000912.SZ,泸天化
000925.SZ,众合科技
002520.SZ,日发精机
000655.SZ,金岭矿业
605060.SH,联德股份
002686.SZ,亿利达
002952.SZ,亚世光电
600513.SH,联环药业
600684.SH,珠江股份
001324.SZ,长青科技
002927.SZ,泰永长征
002540.SZ,亚太科技
605058.SH,澳弘电子
600226.SH,亨通股份
002449.SZ,国星光电
000812.SZ,陕西金叶
601339.SH,百隆东方
603081.SH,大丰实业
600730.SH,中国高科
002682.SZ,龙洲股份
002735.SZ,王子新材
002606.SZ,大连电瓷
605388.SH,均瑶健康
002827.SZ,高争民爆
601929.SH,吉视传媒
603231.SH,索宝蛋白
603656.SH,泰禾智能
600982.SH,宁波能源
000859.SZ,国风新材
600470.SH,六国化工
600410.SH,华胜天成
002949.SZ,华阳国际
603158.SH,腾龙股份
002437.SZ,誉衡药业
000610.SZ,西安旅游
002419.SZ,天虹股份
002392.SZ,北京利尔
000721.SZ,西安饮食
603135.SH,中重科技
603787.SH,新日股份
002976.SZ,瑞玛精密
002103.SZ,广博股份
600792.SH,云煤能源
002021.SZ,中捷资源
002969.SZ,嘉美包装
002393.SZ,力生制药
600351.SH,亚宝药业
603167.SH,渤海轮渡
002454.SZ,松芝股份
603116.SH,红蜻蜓
600250.SH,南京商旅
002560.SZ,通达股份
002469.SZ,三维化学
002977.SZ,天箭科技
000524.SZ,岭南控股
600054.SH,黄山旅游
603558.SH,健盛集团
600817.SH,宇通重工
003043.SZ,华亚智能
002483.SZ,润邦股份
002838.SZ,道恩股份
002441.SZ,众业达
603381.SH,永臻股份
001319.SZ,铭科精技
600429.SH,三元股份
605056.SH,咸亨国际
002733.SZ,雄韬股份
002886.SZ,沃特股份
002551.SZ,尚荣医疗
002457.SZ,青龙管业
600769.SH,祥龙电业
002448.SZ,中原内配
600724.SH,宁波富达
000078.SZ,海王生物
002523.SZ,天桥起重
002358.SZ,森源电气
601133.SH,柏诚股份
002069.SZ,獐子岛
600973.SH,宝胜股份
002877.SZ,智能自控
